{"name":"4332e639-cd33-4f56-8b8a-257301fc876a","id":"/providers/Microsoft.Flow/flows/4332e639-cd33-4f56-8b8a-257301fc876a","type":"Microsoft.Flow/flows","properties":{"apiId":"/providers/Microsoft.PowerApps/apis/shared_logicflows","displayName":"Pre-HuddleAgendaPoll","definition":{"metadata":{"workflowEntityId":null,"processAdvisorMetadata":null,"flowChargedByPaygo":null,"flowclientsuspensionreason":"None","flowclientsuspensiontime":null,"flowclientsuspensionreasondetails":null,"creator":{"id":"b3cdd272-0978-4819-9dcf-caa5e6ddf9f5","type":"User","tenantId":"e95f1b23-abaf-45ee-821d-b7ab251ab3bf"},"provisioningMethod":"FromDefinition","failureAlertSubscription":true,"clientLastModifiedTime":"2023-09-18T16:55:42.704491Z"},"$schema":"https://schema.management.azure.com/providers/Microsoft.Logic/schemas/2016-06-01/workflowdefinition.json#","contentVersion":"1.0.0.0","parameters":{"$connections":{"defaultValue":{},"type":"Object"},"$authentication":{"defaultValue":{},"type":"SecureObject"}},"triggers":{"Recurrence":{"recurrence":{"frequency":"Day","interval":1,"startTime":"2023-09-18T15:00:00.000Z","schedule":{"hours":["7"],"minutes":[30]}},"metadata":{"operationMetadataId":"5ec0b133-cc2b-4f96-85e5-96458b19ea8c"},"type":"Recurrence","description":"Assumes 0800 Meeting on every weekday."}},"actions":{"IsItAWeekday":{"actions":{},"runAfter":{},"else":{"actions":{"Terminate":{"runAfter":{},"metadata":{"operationMetadataId":"ade7ff49-bd06-49cb-ac53-d725b098a427"},"type":"Terminate","inputs":{"runStatus":"Cancelled"}}}},"expression":{"and":[{"greaterOrEquals":["@dayOfWeek(utcNow())",1]},{"lessOrEquals":["@dayOfWeek(utcNow())",5]}]},"metadata":{"operationMetadataId":"48366f4f-bf98-40e1-9556-e1dc1a462874"},"type":"If","description":"Terminate if its Sat or Sun"},"Get_event_(V3)":{"runAfter":{"IsItAWeekday":["Succeeded"]},"metadata":{"operationMetadataId":"7cfd2f0c-4a80-46fa-9fd8-0b71dd698dd4"},"type":"OpenApiConnection","inputs":{"host":{"apiId":"/providers/Microsoft.PowerApps/apis/shared_office365","connectionName":"shared_office365","operationId":"V3CalendarGetItem"},"parameters":{"table":"AAMkAGUxNzZiMGM3LWUwZjEtNDFmNy05MzAzLWY2ZDdkNWI1ZTQ3ZQBGAAAAAAD3bYmX8b3ZRbWf8ggeMrfBBwA-GadMFKljSLd7Tr5AfZYZAAABAeedAABEw9oKYit3QJZI6MrIv-t_AABWZwmbAAA=","id":"AAMkAGUxNzZiMGM3LWUwZjEtNDFmNy05MzAzLWY2ZDdkNWI1ZTQ3ZQFRAAgI27faM6EAAEYAAAAA922Jl-G92UW1n-IIHjK3wQcAPxmnTBSpY0i3e06_QH2WGQAAAQGAKAAARMPaCmIrd0CWSOjKyL-7fgADnJ-IQQAAEA%3D%3D"},"authentication":"@parameters('$authentication')"},"description":"polls the chat event. Use Team in Browser mode to get Event ID"},"EmailList":{"runAfter":{"Get_event_(V3)":["Succeeded"]},"metadata":{"operationMetadataId":"491730d3-6307-4205-b09a-c57f3be5992f"},"type":"Compose","inputs":"@split(concat(outputs('Get_event_(V3)')?['body/requiredAttendees'],outputs('Get_event_(V3)')?['body/organizer']),';')","description":"creates an array of chat members and organizers. To avoid null entries, concats members then organizers"},"CheckInWithEveryBody":{"foreach":"@outputs('EmailList')","actions":{"PollMember":{"runAfter":{},"limit":{"timeout":"PT30M"},"metadata":{"operationMetadataId":"09ba3c60-220e-43ad-b909-5a2ff8d1a656"},"type":"OpenApiConnectionWebhook","inputs":{"host":{"apiId":"/providers/Microsoft.PowerApps/apis/shared_teams","connectionName":"shared_teams","operationId":"PostCardAndWaitForResponse"},"parameters":{"poster":"Flow bot","location":"Chat with Flow bot","body/body/messageBody":"{\n    \"$schema\": \"http://adaptivecards.io/schemas/adaptive-card.json\",\n    \"type\": \"AdaptiveCard\",\n    \"version\": \"1.3\",\n    \"body\": [\n        {\n            \"type\": \"TextBlock\",\n            \"size\": \"Medium\",\n            \"weight\": \"Bolder\",\n            \"text\": \"Daily Huddle - @{formatDateTime(utcNow(),'dd-MMMM')}\",\n            \"horizontalAlignment\": \"Center\",\n            \"wrap\": true,\n            \"style\": \"heading\"\n        },\n        {\n            \"type\": \"Input.Text\",\n            \"placeholder\": \" \",\n            \"label\": \"Yesterday:\",\n            \"isMultiline\": true,\n            \"id\": \"uYesterday\"\n        },\n        {\n            \"type\": \"Input.Text\",\n            \"placeholder\": \" \",\n            \"label\": \"Today:\",\n            \"isMultiline\": true,\n            \"id\": \"uToday\"\n        },\n        {\n            \"type\": \"Input.Text\",\n            \"placeholder\": \" \",\n            \"label\": \"Blockers (if any)\",\n            \"isMultiline\": true,\n            \"id\": \"uBlocker\"\n        },\n        {\n            \"type\": \"ActionSet\",\n            \"actions\": [\n                {\n                    \"type\": \"Action.Submit\",\n                    \"title\": \"Send Response\"\n                }\n            ],\n            \"horizontalAlignment\": \"Center\",\n            \"spacing\": \"Padding\",\n            \"separator\": true\n        }\n    ]\n}","body/body/updateMessage":"@{formatDateTime(utcNow(),'dd-MMM')} huddle response sent","body/body/recipient/to":"@{items('CheckInWithEveryBody')};"},"authentication":"@parameters('$authentication')"},"description":"half-hour before meeting, sends a card asking for input. Waits up to 30 mins. for a response."},"DefaultResponse":{"runAfter":{"PollMember":["Succeeded","TimedOut"]},"metadata":{"operationMetadataId":"69753552-48a1-4861-a535-6e5771d64c1b"},"type":"Compose","inputs":{"responder":{"displayName":"@{items('CheckInWithEveryBody')}"},"data":{"uYesterday":"_No Response_","uToday":"_No Response_","uBlocker":"_No Response_"}},"description":"Define a default response"},"MemberResponse":{"runAfter":{"DefaultResponse":["Succeeded"]},"metadata":{"operationMetadataId":"7aeafbac-3815-4eaf-87b8-5705102e720d"},"type":"Compose","inputs":"@coalesce(outputs('PollMember')?['body'], outputs('DefaultResponse'))","description":"Choose default if user didn't respond"}},"runAfter":{"EmailList":["Succeeded"]},"metadata":{"operationMetadataId":"cbb17b77-4bbd-4170-93c6-c3e7effe8ab6"},"type":"Foreach","description":"Have to do as a loop, or it will send one card at a time, waiting before sending the rest of the group a card"},"MemberResponses":{"runAfter":{"CheckInWithEveryBody":["Succeeded"]},"metadata":{"operationMetadataId":"54a36aef-6f23-41e0-b399-5c9ffcf5b71c"},"type":"Compose","inputs":"@outputs('MemberResponse')"},"TableOfResponses":{"runAfter":{"MemberResponses":["Succeeded"]},"metadata":{"operationMetadataId":"ad7c12c1-052c-4a42-8a10-1da78f715c2f"},"type":"Select","inputs":{"from":"@outputs('MemberResponses')","select":{"Staff":"@item()?['Responder/DisplayName']","Yesterday":"@if(empty(item()?['data/uYesterday']),'N/A',trim(item()?['data/uYesterday']))","Today":"@if(empty(item()?['data/uToday']),'N/A',trim(item()?['data/uToday']))","Blockers":"@if(empty(item()?['data/uBlocker']),'N/A',trim(item()?['data/uBlocker']))"}}},"Create_HTML_table":{"runAfter":{"TableOfResponses":["Succeeded"]},"metadata":{"operationMetadataId":"43b4b78c-b984-41e1-94f0-0cce1aa89d63"},"type":"Table","inputs":{"from":"@body('TableOfResponses')","format":"HTML"}},"Post_message_in_a_chat_or_channel":{"runAfter":{"Create_HTML_table":["Succeeded"]},"metadata":{"operationMetadataId":"cf23a80c-ea82-4440-8105-c41092a51187"},"type":"OpenApiConnection","inputs":{"host":{"apiId":"/providers/Microsoft.PowerApps/apis/shared_teams","connectionName":"shared_teams","operationId":"PostMessageToConversation"},"parameters":{"poster":"Flow bot","location":"Group chat","body/recipient":"19:meeting_OGM4MmRhZjItZGY4NS00ZGNkLTg5MDYtYjU2MGM3N2MyZjVh@thread.v2","body/messageBody":"</b><h1>@{formatDateTime(utcNow(),'dd-MMM-yyyy')} - pre Huddle Summary</h1></b>\n@{body('Create_HTML_table')}\n<p><br></p>"},"authentication":"@parameters('$authentication')"}}}},"connectionReferences":{"shared_office365":{"connectionName":"shared-office365-de7f5bef-7229-40f9-b498-03303ce75f07","source":"Embedded","id":"/providers/Microsoft.PowerApps/apis/shared_office365","tier":"NotSpecified"},"shared_teams":{"connectionName":"b1ea0e91640c4a39ba56196020abeb0d","source":"Embedded","id":"/providers/Microsoft.PowerApps/apis/shared_teams","tier":"NotSpecified"}},"flowFailureAlertSubscribed":false,"isManaged":false}}